BATCH_SIZE,M,N,K,TILE_M,TILE_N,TILE_K,THREAD_X,THREAD_Y,THREAD_Z,latency_ms
8,1024,1024,128,64,16,32,16,8,1,7.21566
8,512,128,512,32,32,8,8,8,1,4.05744
32,64,64,256,128,16,8,8,4,1,1.02195
64,256,512,64,16,64,16,16,16,1,5.09211
16,128,256,64,16,128,16,32,4,1,0.517632
128,8192,2048,4096,192,8,2,4,128,1,2,-1.0,cuda_oom,-1.0,-1.0,-1.0,0
4,384,1536,512,64,64,32,128,512,1,1,-1.0,invalid_config,-1.0,-1.0,-1.0,0
2,16,384,768,256,128,32,16,2,1,16,15.2303,success,15.7376,1.85227,0.00747873,60
64,16,768,2048,32,64,64,64,1024,1,16,-1.0,invalid_config,-1.0,-1.0,-1.0,0
1,2048,512,512,192,4,32,512,128,1,32,-1.0,invalid_config,-1.0,-1.0,-1.0,0
256,5120,128,1536,96,32,32,16,1024,1,16,-1.0,invalid_config,-1.0,-1.0,-1.0,0
16,16,1024,32,192,96,2,128,512,1,4,-1.0,invalid_config,-1.0,-1.0,-1.0,0
64,3072,1024,8192,256,128,8,4,64,1,32,-1.0,cuda_oom,-1.0,-1.0,-1.0,0
16,16,4096,64,64,16,8,2,1024,1,64,-1.0,invalid_config,-1.0,-1.0,-1.0,0
