M,N,K,TILE_M,TILE_N,TILE_K,THREAD_X,THREAD_Y,THREAD_Z,UNROLL_FACTOR,latency_ms,status,mean_ms,variance,rel_variance,iterations
768,64,1024,4,128,64,32,16,1,4,2.62202,success,2.6117,0.0015172,0.000222432,20
1536,64,32,96,256,64,32,16,1,16,-1.0,compilation_failed,-1.0,-1.0,-1.0,0
384,3072,4096,96,16,4,2,4,1,64,402.656,success,402.38,15.5691,9.61587e-05,20
3072,64,1024,64,96,16,4,512,1,2,-1.0,invalid_config,-1.0,-1.0,-1.0,0
256,14336,32,128,32,2,256,8,1,32,-1.0,invalid_config,-1.0,-1.0,-1.0,0
64,16,16,64,8,2,128,16,1,32,-1.0,invalid_config,-1.0,-1.0,-1.0,0
512,32,2048,256,192,64,512,16,1,32,-1.0,compilation_failed,-1.0,-1.0,-1.0,0
64,8192,8192,64,32,2,2,8,1,1,46.201,success,46.3165,0.0417906,1.94809e-05,20
512,8192,2048,192,128,64,512,128,1,2,-1.0,compilation_failed,-1.0,-1.0,-1.0,0
2048,512,16,128,96,32,128,256,1,2,-1.0,invalid_config,-1.0,-1.0,-1.0,0
32,4096,1024,64,256,32,2,32,1,32,5.04525,success,5.05156,0.00408471,0.00016007,20
4096,32,512,16,8,4,4,512,1,2,-1.0,invalid_config,-1.0,-1.0,-1.0,0
14336,2048,256,192,8,2,256,4,1,16,-1.0,launch_failure,-1.0,-1.0,-1.0,0
1536,32,3072,64,32,16,2,64,1,8,3.27386,success,3.98012,1.48486,0.093733,60
3072,2048,16,128,4,32,256,512,1,1,-1.0,invalid_config,-1.0,-1.0,-1.0,0
512,512,1024,256,32,16,2,64,1,8,5.75693,success,6.31186,1.78646,0.0448414,60
2048,1024,3072,4,4,32,32,64,1,4,-1.0,invalid_config,-1.0,-1.0,-1.0,0
4096,384,512,8,32,16,16,128,1,32,-1.0,invalid_config,-1.0,-1.0,-1.0,0
8192,1024,1024,96,256,16,16,16,1,8,90.5003,success,90.495,0.000565068,6.90004e-08,20
512,128,1024,96,128,2,16,4,1,4,4.51845,success,4.96065,1.65713,0.0673408,60
16,512,4096,256,16,64,8,4,1,4,-1.0,compilation_failed,-1.0,-1.0,-1.0,0
32,8192,512,192,128,64,512,4,1,16,-1.0,compilation_failed,-1.0,-1.0,-1.0,0
384,384,4096,64,32,8,8,4,1,1,5.67806,success,5.68116,0.000412639,1.27849e-05,20
768,2048,32,96,96,16,256,128,1,32,-1.0,invalid_config,-1.0,-1.0,-1.0,0
1536,16,128,128,8,64,256,512,1,4,-1.0,invalid_config,-1.0,-1.0,-1.0,0
32,256,768,64,96,2,512,128,1,1,-1.0,invalid_config,-1.0,-1.0,-1.0,0
512,3072,32,16,128,32,128,4,1,1,0.2048,success,0.204618,1.75011e-07,4.18003e-06,20
64,32,32,16,32,16,8,4,1,16,0.0272,success,0.0274192,2.79375e-07,0.000371603,20
128,3072,768,4,32,32,512,8,1,4,-1.0,invalid_config,-1.0,-1.0,-1.0,0
768,1536,512,8,256,16,64,32,1,1,-1.0,invalid_config,-1.0,-1.0,-1.0,0
128,4096,256,4,8,4,128,64,1,1,-1.0,invalid_config,-1.0,-1.0,-1.0,0
5120,4096,4096,64,64,16,4,256,1,2,1032.07,success,1032.82,3.59192,3.36729e-06,20
64,384,384,64,8,4,32,2,1,16,0.542768,success,0.546387,0.000102823,0.000344419,20
3072,32,768,32,8,64,2,16,1,1,2.20178,success,2.20141,1.7342e-05,3.57847e-06,20
2048,256,256,128,256,4,16,128,1,16,-1.0,invalid_config,-1.0,-1.0,-1.0,0
2048,384,32,96,256,16,4,128,1,64,1.50048,success,1.37893,0.0277017,0.0145687,60
128,16,4096,32,128,2,128,512,1,4,-1.0,invalid_config,-1.0,-1.0,-1.0,0
512,3072,16,16,16,2,32,256,1,8,-1.0,invalid_config,-1.0,-1.0,-1.0,0
2048,512,64,256,256,4,4,256,1,4,-1.0,launch_failure,-1.0,-1.0,-1.0,0
3072,1024,3072,4,16,32,256,256,1,1,-1.0,invalid_config,-1.0,-1.0,-1.0,0
768,2048,128,128,32,8,128,128,1,1,-1.0,invalid_config,-1.0,-1.0,-1.0,0
512,1536,2048,16,64,4,8,512,1,2,-1.0,invalid_config,-1.0,-1.0,-1.0,0
1024,1536,2048,128,64,64,256,512,1,32,-1.0,invalid_config,-1.0,-1.0,-1.0,0
5120,3072,8192,4,128,64,128,4,1,2,636.67,success,637.02,5.94373,1.46472e-05,20
8192,3072,1024,32,64,32,2,128,1,1,612.296,success,612.223,0.0473386,1.26298e-07,20
384,8192,4096,8,4,16,32,4,1,64,272.47,success,272.015,1.99386,2.69469e-05,20
8192,3072,256,256,128,32,32,8,1,64,34.816,success,34.8156,3.0357e-05,2.50445e-08,20
2048,256,384,4,4,8,2,256,1,8,31.4615,success,31.4691,0.00155041,1.56559e-06,20
32,64,1536,128,4,32,512,8,1,4,-1.0,invalid_config,-1.0,-1.0,-1.0,0
128,384,4096,32,16,16,2,128,1,4,5.83779,success,5.83847,7.61706e-06,2.23455e-07,20
1024,1536,256,256,64,8,64,2,1,32,1.8713,success,1.87124,7.38108e-06,2.10794e-06,20
32,384,1536,256,256,64,8,128,1,32,-1.0,compilation_failed,-1.0,-1.0,-1.0,0
256,16,8192,32,32,4,256,16,1,8,-1.0,invalid_config,-1.0,-1.0,-1.0,0
32,5120,1024,64,192,2,256,512,1,8,-1.0,invalid_config,-1.0,-1.0,-1.0,0
3072,256,256,192,192,4,32,8,1,64,2.00438,success,2.00442,2.18307e-06,5.43362e-07,20
768,8192,512,256,8,4,128,256,1,1,-1.0,invalid_config,-1.0,-1.0,-1.0,0
16,128,2048,256,32,8,8,128,1,16,2.90813,success,2.90815,3.27722e-07,3.875e-08,20
384,1024,64,8,4,16,8,4,1,2,0.719568,success,0.719786,3.91174e-07,7.5503e-07,20
1024,768,768,96,64,4,2,32,1,8,10.7208,success,10.8013,0.0648219,0.000555606,20
4096,16,512,32,128,64,32,2,1,64,5.3055,success,5.30571,9.40002e-06,3.33919e-07,20
256,5120,128,96,96,32,2,128,1,1,6.22182,success,5.34529,1.92683,0.0674372,60
5120,32,768,64,64,8,2,4,1,4,14.6079,success,15.0289,1.52418,0.00674806,60
1536,2048,256,96,64,8,4,512,1,32,-1.0,invalid_config,-1.0,-1.0,-1.0,0
2048,16,384,96,16,64,512,128,1,2,-1.0,invalid_config,-1.0,-1.0,-1.0,0
1536,128,1024,256,32,8,256,8,1,1,-1.0,invalid_config,-1.0,-1.0,-1.0,0
5120,8192,2048,64,256,8,512,128,1,16,-1.0,invalid_config,-1.0,-1.0,-1.0,0
4096,384,64,256,96,4,16,512,1,1,-1.0,invalid_config,-1.0,-1.0,-1.0,0
1024,256,256,192,192,64,2,8,1,64,-1.0,compilation_failed,-1.0,-1.0,-1.0,0
8192,128,1536,128,96,16,64,2,1,32,10.359,success,11.0765,4.25071,0.0346465,60
16,768,384,16,64,4,512,16,1,4,-1.0,invalid_config,-1.0,-1.0,-1.0,0
2048,64,8192,192,96,2,4,512,1,32,-1.0,invalid_config,-1.0,-1.0,-1.0,0
8192,384,2048,64,32,32,32,4,1,8,15.1293,success,15.1391,0.017288,7.54302e-05,20
64,1024,128,256,32,2,128,512,1,8,-1.0,invalid_config,-1.0,-1.0,-1.0,0
768,768,384,16,256,64,64,8,1,32,-1.0,compilation_failed,-1.0,-1.0,-1.0,0
1536,14336,768,128,128,2,2,128,1,8,55.0995,success,55.1268,0.0303534,9.98808e-06,20
64,14336,16,32,32,16,64,16,1,2,0.16528,success,0.165133,4.6852e-07,1.71815e-05,20
768,256,2048,256,8,4,128,256,1,16,-1.0,invalid_config,-1.0,-1.0,-1.0,0
8192,16,1536,16,64,4,256,2,1,4,7.31454,success,7.99403,1.46205,0.0228786,60
256,1536,8192,4,256,32,4,16,1,4,110.467,success,110.475,0.0120904,9.9063e-07,20
16,3072,1536,8,8,4,8,8,1,2,0.8516,success,0.852006,5.03112e-05,6.93074e-05,20
4096,512,64,16,32,64,128,32,1,32,-1.0,invalid_config,-1.0,-1.0,-1.0,0
256,64,32,8,96,64,512,8,1,64,-1.0,invalid_config,-1.0,-1.0,-1.0,0
128,128,4096,96,256,2,32,64,1,8,-1.0,invalid_config,-1.0,-1.0,-1.0,0
384,3072,16,8,64,16,8,8,1,8,0.16384,success,0.163886,5.33145e-07,1.985e-05,20
1536,16,4096,128,128,8,32,16,1,64,7.66424,success,8.52907,8.06795,0.110907,60
64,384,1536,128,192,4,128,512,1,8,-1.0,invalid_config,-1.0,-1.0,-1.0,0
32,512,1024,32,192,8,32,512,1,1,-1.0,invalid_config,-1.0,-1.0,-1.0,0
3072,3072,64,8,256,64,256,512,1,16,-1.0,compilation_failed,-1.0,-1.0,-1.0,0
4096,4096,4096,192,64,32,512,64,1,8,-1.0,invalid_config,-1.0,-1.0,-1.0,0
512,8192,384,192,64,8,8,256,1,64,-1.0,invalid_config,-1.0,-1.0,-1.0,0
1536,2048,256,128,32,2,64,512,1,64,-1.0,invalid_config,-1.0,-1.0,-1.0,0
1024,768,3072,32,64,8,8,512,1,1,-1.0,invalid_config,-1.0,-1.0,-1.0,0
5120,3072,2048,8,64,16,2,4,1,32,162.405,success,167.274,69.3402,0.00247816,40
512,512,128,128,4,4,32,32,1,2,1.9515,success,2.03335,0.0204773,0.0049528,60
512,768,4096,64,16,64,64,4,1,64,13.7282,success,14.1864,2.55343,0.0126876,60
256,128,512,64,192,64,8,32,1,2,-1.0,compilation_failed,-1.0,-1.0,-1.0,0
128,768,768,256,4,16,128,32,1,2,-1.0,invalid_config,-1.0,-1.0,-1.0,0
512,14336,384,4,256,32,8,8,1,4,69.0064,success,68.9878,0.00747129,1.56983e-06,20
64,384,768,128,32,32,256,128,1,4,-1.0,invalid_config,-1.0,-1.0,-1.0,0
5120,384,2048,256,128,32,256,128,1,32,-1.0,invalid_config,-1.0,-1.0,-1.0,0
64,512,32,16,96,32,64,4,1,32,0.027168,success,0.027312,2.41613e-07,0.000323902,20
16,3072,3072,8,64,4,32,64,1,2,-1.0,invalid_config,-1.0,-1.0,-1.0,0
14336,16,1536,32,96,8,512,16,1,8,-1.0,invalid_config,-1.0,-1.0,-1.0,0
3072,1024,384,64,128,2,256,8,1,16,-1.0,invalid_config,-1.0,-1.0,-1.0,0
32,3072,2048,96,32,2,8,2,1,64,17.855,success,18.1302,0.242797,0.000738652,20
64,256,768,192,128,8,64,512,1,8,-1.0,invalid_config,-1.0,-1.0,-1.0,0
384,14336,128,64,8,4,16,256,1,4,-1.0,invalid_config,-1.0,-1.0,-1.0,0
512,14336,1024,192,16,64,8,16,1,4,-1.0,compilation_failed,-1.0,-1.0,-1.0,0
256,8192,3072,8,192,32,8,64,1,8,136.333,success,136.33,0.00115684,6.22426e-08,20
128,5120,64,16,4,8,64,8,1,4,3.02534,success,3.02541,1.63563e-06,1.78697e-07,20
14336,64,1536,16,128,8,16,8,1,2,14.8198,success,14.8233,0.000491204,2.23548e-06,20
14336,5120,128,8,96,32,16,4,1,64,36.9847,success,37.0243,0.0425091,3.10105e-05,20
32,768,2048,32,256,2,256,64,1,2,-1.0,invalid_config,-1.0,-1.0,-1.0,0
5120,1024,128,192,128,32,8,64,1,4,6.31024,success,7.4124,2.67858,0.0487514,60
1536,8192,384,4,64,8,2,64,1,4,176.137,success,175.532,0.89973,2.92011e-05,20
16,32,768,8,8,16,512,2,1,8,0.77448,success,0.774885,1.002e-06,1.66875e-06,20
32,14336,64,128,96,16,256,2,1,32,1.11453,success,1.11454,2.52042e-07,2.02899e-07,20
3072,8192,384,8,8,4,512,4,1,32,-1.0,invalid_config,-1.0,-1.0,-1.0,0
8192,768,3072,192,96,4,2,32,1,16,933.02,success,933.126,1.5794,1.81389e-06,20
3072,32,1536,8,8,64,64,256,1,4,-1.0,invalid_config,-1.0,-1.0,-1.0,0
32,4096,64,256,192,32,64,8,1,8,-1.0,compilation_failed,-1.0,-1.0,-1.0,0
128,2048,32,32,96,8,128,256,1,8,-1.0,invalid_config,-1.0,-1.0,-1.0,0
256,64,256,96,16,32,4,128,1,64,0.178208,success,0.178266,1.69534e-07,5.33485e-06,20
5120,384,2048,4,8,16,16,512,1,64,-1.0,invalid_config,-1.0,-1.0,-1.0,0
384,1536,384,192,32,4,512,128,1,2,-1.0,invalid_config,-1.0,-1.0,-1.0,0
32,5120,32,192,4,2,256,4,1,4,-1.0,launch_failure,-1.0,-1.0,-1.0,0
64,5120,768,32,96,64,64,64,1,16,-1.0,invalid_config,-1.0,-1.0,-1.0,0
768,32,256,128,8,64,8,4,1,16,0.722576,success,0.722442,3.39167e-07,6.49842e-07,20
4096,384,8192,4,192,8,64,64,1,2,-1.0,invalid_config,-1.0,-1.0,-1.0,0
4096,768,256,16,16,4,128,256,1,64,-1.0,invalid_config,-1.0,-1.0,-1.0,0
1536,128,16,128,96,8,256,2,1,4,0.08232,success,0.0826176,5.59473e-07,8.1966e-05,20
14336,384,768,16,8,8,256,64,1,8,-1.0,invalid_config,-1.0,-1.0,-1.0,0
768,4096,16,16,96,64,16,32,1,16,2.73482,success,2.73533,3.78951e-06,5.06481e-07,20
16,8192,8192,4,4,64,512,64,1,32,-1.0,invalid_config,-1.0,-1.0,-1.0,0
16,512,768,16,64,8,64,32,1,64,-1.0,invalid_config,-1.0,-1.0,-1.0,0
2048,512,64,4,4,64,8,128,1,8,11.1137,success,11.1276,0.00030755,2.4838e-06,20
512,256,3072,4,96,32,4,512,1,2,-1.0,invalid_config,-1.0,-1.0,-1.0,0
1536,3072,512,256,32,8,64,256,1,64,-1.0,invalid_config,-1.0,-1.0,-1.0,0
4096,768,128,16,128,4,4,256,1,8,-1.0,launch_failure,-1.0,-1.0,-1.0,0
14336,32,256,4,4,4,32,4,1,1,3.95776,success,4.57363,1.17358,0.0561033,60
14336,256,512,4,32,32,8,32,1,32,36.3556,success,36.3861,0.00835323,6.30934e-06,20
384,64,2048,8,192,16,4,32,1,2,4.24776,success,4.73015,1.85959,0.0831128,60
64,256,1024,4,32,2,64,16,1,2,2.79838,success,2.79871,1.04876e-06,1.33894e-07,20
8192,5120,512,256,256,32,4,128,1,64,-1.0,compilation_failed,-1.0,-1.0,-1.0,0
128,32,64,192,64,2,2,2,1,4,2.86106,success,3.27718,0.380395,0.0354187,60
3072,3072,64,256,64,32,2,256,1,2,12.3206,success,12.657,2.55562,0.0159528,60
256,4096,64,8,64,64,4,4,1,8,2.39166,success,2.39036,0.000534225,9.3497e-05,20
64,14336,128,32,16,4,64,256,1,8,-1.0,invalid_config,-1.0,-1.0,-1.0,0
3072,5120,1024,128,256,64,8,8,1,64,-1.0,compilation_failed,-1.0,-1.0,-1.0,0
384,64,64,128,8,4,8,2,1,16,0.1036,success,0.10353,3.38134e-07,3.15472e-05,20
512,1024,512,16,32,2,256,64,1,64,-1.0,invalid_config,-1.0,-1.0,-1.0,0
5120,128,4096,64,192,32,4,128,1,1,-1.0,launch_failure,-1.0,-1.0,-1.0,0
8192,8192,16,64,192,64,16,64,1,4,-1.0,compilation_failed,-1.0,-1.0,-1.0,0
16,16,768,16,16,2,16,128,1,64,-1.0,invalid_config,-1.0,-1.0,-1.0,0
2048,32,1024,256,128,64,8,4,1,4,-1.0,compilation_failed,-1.0,-1.0,-1.0,0
16,14336,256,64,192,2,32,16,1,2,1.29421,success,1.29149,7.18062e-05,4.30509e-05,20
16,512,1024,16,256,32,32,32,1,16,1.55923,success,1.5593,7.06549e-07,2.9059e-07,20
8192,5120,4096,96,192,64,32,16,1,4,-1.0,compilation_failed,-1.0,-1.0,-1.0,0
8192,64,4096,256,64,16,16,128,1,8,-1.0,invalid_config,-1.0,-1.0,-1.0,0
4096,768,2048,32,64,32,2,8,1,8,130.003,success,130.127,0.0470713,2.77986e-06,20
256,64,16,64,8,16,64,64,1,64,-1.0,invalid_config,-1.0,-1.0,-1.0,0
16,1024,1536,8,64,2,4,32,1,2,1.56725,success,1.56753,2.67903e-06,1.09029e-06,20
768,16,128,64,64,8,16,64,1,1,0.131072,success,0.131059,1.77499e-07,1.03338e-05,20
512,32,384,64,256,2,16,512,1,2,-1.0,invalid_config,-1.0,-1.0,-1.0,0
256,384,3072,8,16,64,128,32,1,4,-1.0,invalid_config,-1.0,-1.0,-1.0,0
128,16,1536,192,128,32,8,8,1,64,11.1112,success,11.4878,4.18115,0.0316826,60
768,64,1024,96,128,64,4,8,1,32,-1.0,compilation_failed,-1.0,-1.0,-1.0,0
5120,32,384,8,4,16,256,16,1,16,-1.0,invalid_config,-1.0,-1.0,-1.0,0
32,14336,64,8,256,8,512,512,1,16,-1.0,invalid_config,-1.0,-1.0,-1.0,0
1024,128,512,32,96,4,256,512,1,2,-1.0,invalid_config,-1.0,-1.0,-1.0,0
3072,256,384,8,32,8,16,64,1,1,7.42374,success,8.27866,5.45425,0.0795819,60
128,384,4096,4,128,2,16,256,1,64,-1.0,invalid_config,-1.0,-1.0,-1.0,0
4096,8192,16,4,96,16,32,64,1,8,-1.0,invalid_config,-1.0,-1.0,-1.0,0
512,1536,128,192,256,64,512,512,1,4,-1.0,compilation_failed,-1.0,-1.0,-1.0,0
512,32,8192,64,8,4,128,256,1,1,-1.0,invalid_config,-1.0,-1.0,-1.0,0
1536,3072,512,256,16,2,2,256,1,1,9.65421,success,10.307,3.15658,0.0297135,60
14336,16,16,64,128,4,8,256,1,4,-1.0,invalid_config,-1.0,-1.0,-1.0,0
64,5120,384,64,4,64,8,4,1,8,3.86637,success,3.87184,0.00181883,0.000121327,20
16,2048,1536,128,96,2,128,64,1,2,-1.0,invalid_config,-1.0,-1.0,-1.0,0
64,64,32,16,16,32,8,256,1,2,-1.0,invalid_config,-1.0,-1.0,-1.0,0
384,1536,1024,256,256,32,64,2,1,32,-1.0,compilation_failed,-1.0,-1.0,-1.0,0
768,768,768,64,192,4,128,16,1,32,-1.0,invalid_config,-1.0,-1.0,-1.0,0
256,128,2048,16,16,4,512,256,1,64,-1.0,invalid_config,-1.0,-1.0,-1.0,0
1536,1024,128,192,16,64,8,128,1,2,-1.0,compilation_failed,-1.0,-1.0,-1.0,0
128,2048,1536,8,64,2,64,512,1,64,-1.0,invalid_config,-1.0,-1.0,-1.0,0
8192,256,32,96,32,16,16,512,1,64,-1.0,invalid_config,-1.0,-1.0,-1.0,0
384,2048,8192,96,16,8,128,256,1,4,-1.0,invalid_config,-1.0,-1.0,-1.0,0
1024,384,1536,128,96,4,32,256,1,8,-1.0,invalid_config,-1.0,-1.0,-1.0,0
384,3072,3072,96,96,16,64,16,1,16,15.5678,success,15.7451,0.0806859,0.000325466,20
256,4096,3072,192,32,32,128,16,1,16,-1.0,invalid_config,-1.0,-1.0,-1.0,0
1536,384,1536,192,8,4,16,256,1,8,-1.0,invalid_config,-1.0,-1.0,-1.0,0
14336,64,256,32,4,2,8,2,1,32,4.45496,success,4.74789,0.619938,0.0275009,60
16,2048,128,128,4,32,64,64,1,1,-1.0,invalid_config,-1.0,-1.0,-1.0,0
384,512,32,4,64,2,4,4,1,2,0.104384,success,0.105211,6.77543e-06,0.000612087,20
8192,2048,32,256,192,4,8,2,1,1,30.5587,success,30.5803,0.00979703,1.04764e-05,20
384,32,512,16,4,8,128,2,1,2,0.74544,success,0.745296,1.75507e-06,3.15964e-06,20
64,256,16,128,16,32,2,128,1,2,0.04456,success,0.0444992,2.56041e-07,0.000129302,20
1536,2048,4096,64,96,16,64,4,1,16,50.9908,success,50.9336,0.0884075,3.40785e-05,20
384,256,1536,256,64,8,512,128,1,16,-1.0,invalid_config,-1.0,-1.0,-1.0,0
768,128,1536,32,16,64,8,64,1,1,1.73326,success,1.73335,2.64061e-06,8.78884e-07,20
8192,2048,8192,64,256,8,4,16,1,4,-1.0,timeout,-1.0,-1.0,-1.0,0
14336,768,512,96,16,2,16,64,1,8,43.2207,success,43.2206,0.000210893,1.12896e-07,20
8192,1536,768,96,4,16,32,4,1,2,189.163,success,189.138,0.00670152,1.87334e-07,20
2048,14336,1024,128,64,8,512,8,1,4,-1.0,invalid_config,-1.0,-1.0,-1.0,0
1536,3072,64,8,8,16,4,256,1,4,24.6518,success,24.652,9.68425e-06,1.59353e-08,20
64,3072,4096,256,96,2,8,2,1,8,1426.58,success,1425.37,84.5776,4.16296e-05,20
32,1536,1536,32,256,64,32,32,1,1,-1.0,compilation_failed,-1.0,-1.0,-1.0,0
768,8192,1536,4,8,8,256,16,1,16,-1.0,invalid_config,-1.0,-1.0,-1.0,0
1536,1536,384,16,192,32,32,8,1,1,5.70163,success,5.69741,0.000769598,2.37088e-05,20
4096,256,512,192,8,64,512,128,1,8,-1.0,compilation_failed,-1.0,-1.0,-1.0,0
8192,4096,384,64,8,8,128,2,1,2,425.849,success,425.92,0.0315618,1.73982e-07,20
384,1024,1536,8,192,2,2,16,1,1,6.92125,success,7.37901,2.60895,0.0479147,60
1024,384,384,8,256,32,128,2,1,64,2.0631,success,2.064,9.86242e-05,2.31506e-05,20
128,14336,16,8,32,64,4,2,1,1,2.4513,success,2.4509,1.31603e-06,2.19085e-07,20
512,256,3072,8,4,8,64,16,1,32,50.3029,success,50.2994,0.000387429,1.53133e-07,20
5120,2048,256,256,16,4,256,32,1,64,-1.0,invalid_config,-1.0,-1.0,-1.0,0
256,128,32,16,64,32,8,2,1,16,0.069616,success,0.069656,2.42061e-07,4.98893e-05,20
768,512,1024,256,64,32,32,32,1,4,5.16248,success,5.16227,1.48317e-06,5.56558e-08,20
14336,1536,256,4,96,8,256,8,1,8,-1.0,invalid_config,-1.0,-1.0,-1.0,0
16,768,512,128,192,2,4,8,1,32,62.2927,success,62.2987,0.000237274,6.11353e-08,20
384,8192,3072,64,192,8,64,16,1,8,28.4174,success,28.3835,0.0221169,2.74531e-05,20
64,5120,1536,64,8,2,512,256,1,2,-1.0,invalid_config,-1.0,-1.0,-1.0,0
256,16,384,128,16,4,512,512,1,2,-1.0,invalid_config,-1.0,-1.0,-1.0,0
14336,14336,32,64,128,2,32,2,1,64,37.1414,success,37.1324,0.00592683,4.29849e-06,20
32,5120,32,64,16,16,64,512,1,32,-1.0,invalid_config,-1.0,-1.0,-1.0,0
3072,128,64,128,96,16,128,128,1,1,-1.0,invalid_config,-1.0,-1.0,-1.0,0
1536,128,128,128,256,16,64,2,1,32,1.85266,success,1.89496,0.00568714,0.00158378,20
768,128,64,4,4,32,512,8,1,4,-1.0,invalid_config,-1.0,-1.0,-1.0,0
2048,256,16,256,64,2,16,512,1,1,-1.0,invalid_config,-1.0,-1.0,-1.0,0
5120,2048,1536,128,192,8,8,16,1,1,106.19,success,106.105,0.201236,1.78745e-05,20
5120,16,8192,8,32,4,16,32,1,32,18.042,success,18.0796,0.00728937,2.23003e-05,20
16,768,64,4,4,8,512,4,1,16,-1.0,invalid_config,-1.0,-1.0,-1.0,0
128,4096,256,8,96,16,64,128,1,1,-1.0,invalid_config,-1.0,-1.0,-1.0,0
16,64,16,16,96,2,32,2,1,64,0.020576,success,0.0207168,1.79036e-07,0.000417153,20
256,32,16,8,16,64,128,32,1,1,-1.0,invalid_config,-1.0,-1.0,-1.0,0
8192,4096,8192,128,64,16,2,16,1,32,-1.0,timeout,-1.0,-1.0,-1.0,0
3072,3072,256,96,256,32,16,128,1,64,-1.0,invalid_config,-1.0,-1.0,-1.0,0
4096,256,2048,4,4,16,128,16,1,4,-1.0,invalid_config,-1.0,-1.0,-1.0,0
1536,14336,384,8,96,32,16,32,1,1,91.8131,success,91.9665,0.0872422,1.0315e-05,20
768,2048,16,192,64,8,256,4,1,1,-1.0,launch_failure,-1.0,-1.0,-1.0,0
512,128,256,64,192,4,8,4,1,64,15.621,success,15.7916,1.57189,0.00630331,60
64,256,1024,16,64,32,4,32,1,2,0.924512,success,0.924611,4.27207e-07,4.99712e-07,20
64,16,1024,256,4,16,16,256,1,16,-1.0,invalid_config,-1.0,-1.0,-1.0,0
768,128,512,16,128,2,512,8,1,16,-1.0,invalid_config,-1.0,-1.0,-1.0,0
2048,1024,128,4,256,8,16,32,1,8,6.43922,success,7.3762,2.90624,0.0534154,60
64,512,256,16,32,2,256,64,1,8,-1.0,invalid_config,-1.0,-1.0,-1.0,0
1024,14336,768,96,128,16,256,32,1,32,-1.0,invalid_config,-1.0,-1.0,-1.0,0
768,5120,512,64,64,2,64,512,1,32,-1.0,invalid_config,-1.0,-1.0,-1.0,0
3072,3072,3072,32,8,32,128,16,1,8,-1.0,invalid_config,-1.0,-1.0,-1.0,0
5120,1536,384,64,192,8,4,2,1,4,610.354,success,609.946,10.5105,2.82516e-05,20
64,256,1536,4,128,16,2,64,1,64,2.71566,success,2.71576,9.51405e-07,1.28998e-07,20
14336,3072,512,32,16,2,256,16,1,16,-1.0,invalid_config,-1.0,-1.0,-1.0,0
1536,128,128,64,32,16,256,8,1,1,-1.0,invalid_config,-1.0,-1.0,-1.0,0
16,5120,32,32,256,32,256,32,1,8,-1.0,invalid_config,-1.0,-1.0,-1.0,0
1024,1536,768,96,16,4,256,64,1,8,-1.0,invalid_config,-1.0,-1.0,-1.0,0
128,1024,1536,192,4,8,2,128,1,1,3.56458,success,4.35618,1.46616,0.0772627,60
4096,512,4096,192,8,32,64,64,1,1,-1.0,invalid_config,-1.0,-1.0,-1.0,0
128,64,512,96,192,4,128,256,1,16,-1.0,invalid_config,-1.0,-1.0,-1.0,0
14336,64,3072,256,128,32,2,32,1,32,143.519,success,143.687,1.68225,8.14804e-05,20
128,8192,4096,256,32,64,2,128,1,4,-1.0,compilation_failed,-1.0,-1.0,-1.0,0
384,512,64,256,96,8,512,2,1,1,-1.0,launch_failure,-1.0,-1.0,-1.0,0
16,256,8192,256,96,32,64,4,1,2,22.1631,success,22.302,0.369923,0.000743744,20
3072,5120,3072,96,8,2,2,128,1,16,307.915,success,307.465,4.10787,4.34536e-05,20
512,1024,64,96,128,2,512,256,1,64,-1.0,invalid_config,-1.0,-1.0,-1.0,0
1024,16,768,8,16,32,128,128,1,16,-1.0,invalid_config,-1.0,-1.0,-1.0,0
32,128,1536,4,16,64,128,512,1,64,-1.0,invalid_config,-1.0,-1.0,-1.0,0
256,3072,128,192,8,64,16,16,1,8,-1.0,compilation_failed,-1.0,-1.0,-1.0,0
4096,32,64,8,8,2,4,2,1,8,0.252304,success,0.252662,1.28186e-06,2.00798e-05,20
2048,512,16,4,8,64,128,512,1,64,-1.0,invalid_config,-1.0,-1.0,-1.0,0
14336,1536,128,16,32,32,64,256,1,4,-1.0,invalid_config,-1.0,-1.0,-1.0,0
512,14336,512,128,16,32,16,8,1,4,13.6425,success,13.7634,0.567977,0.00299832,60
32,16,2048,4,64,2,8,128,1,1,3.48157,success,3.4815,2.4494e-07,2.02081e-08,20
2048,1024,2048,8,256,8,16,8,1,1,39.9167,success,39.928,0.00249119,1.56262e-06,20
14336,128,64,32,192,32,4,8,1,16,11.6746,success,12.0379,3.66032,0.0252592,60
3072,4096,2048,64,96,4,4,512,1,1,-1.0,invalid_config,-1.0,-1.0,-1.0,0
14336,5120,64,64,8,4,16,64,1,64,54.0903,success,54.1647,0.0471789,1.60811e-05,20
3072,16,8192,64,128,16,256,512,1,8,-1.0,invalid_config,-1.0,-1.0,-1.0,0
14336,768,2048,16,16,32,32,16,1,4,148.179,success,148.564,10.892,0.000493496,20
1024,256,32,8,16,16,512,16,1,8,-1.0,invalid_config,-1.0,-1.0,-1.0,0
128,64,4096,32,32,4,64,16,1,4,2.82549,success,2.82564,3.15162e-06,3.94729e-07,20
1536,8192,3072,192,256,64,512,16,1,64,-1.0,compilation_failed,-1.0,-1.0,-1.0,0
5120,1536,8192,32,128,8,16,128,1,2,-1.0,invalid_config,-1.0,-1.0,-1.0,0
768,16,3072,64,4,4,128,4,1,8,6.70933,success,6.7099,7.40316e-06,1.64432e-07,20
4096,1024,128,96,64,32,2,128,1,16,10.5838,success,11.0412,1.45121,0.0119042,60
5120,8192,384,4,16,2,2,256,1,4,2669.03,success,2663.64,92.2349,1.3e-05,20
128,8192,8192,256,64,4,4,32,1,64,214.374,success,214.372,0.0049064,1.06765e-07,20
1024,16,512,64,32,8,32,256,1,16,-1.0,invalid_config,-1.0,-1.0,-1.0,0
16,5120,512,256,96,8,32,512,1,2,-1.0,invalid_config,-1.0,-1.0,-1.0,0
128,4096,3072,16,128,16,256,2,1,64,8.19251,success,8.94277,2.77172,0.0346582,60
128,512,4096,192,96,2,32,256,1,16,-1.0,invalid_config,-1.0,-1.0,-1.0,0
128,14336,16,32,256,16,4,512,1,1,-1.0,invalid_config,-1.0,-1.0,-1.0,0
128,14336,3072,96,64,16,32,2,1,1,32.8953,success,32.7973,1.9809,0.00184156,20
128,32,128,96,32,32,4,512,1,8,-1.0,invalid_config,-1.0,-1.0,-1.0,0
768,32,1024,8,4,64,2,4,1,8,1.02706,success,1.02749,6.21329e-05,5.88531e-05,20
8192,1024,8192,96,64,16,4,2,1,64,-1.0,timeout,-1.0,-1.0,-1.0,0
1024,1536,1536,256,96,16,16,32,1,64,9.60798,success,9.60173,0.00325786,3.53373e-05,20
5120,1536,8192,96,64,2,128,4,1,64,380.172,success,380.277,2.52344,1.74499e-05,20
32,4096,8192,16,8,4,8,4,1,8,7.41859,success,7.97047,0.937592,0.0147586,60
14336,128,1536,96,32,2,128,32,1,32,-1.0,invalid_config,-1.0,-1.0,-1.0,0
384,64,1024,64,96,64,512,256,1,1,-1.0,invalid_config,-1.0,-1.0,-1.0,0
2048,4096,1536,4,64,4,64,128,1,32,-1.0,invalid_config,-1.0,-1.0,-1.0,0
14336,128,2048,8,4,64,8,32,1,1,97.5013,success,97.4389,0.0458173,4.82575e-06,20
4096,1536,1024,192,32,2,32,32,1,4,27.2513,success,27.2886,0.0106564,1.43103e-05,20
8192,32,64,4,256,64,512,512,1,2,-1.0,compilation_failed,-1.0,-1.0,-1.0,0
4096,2048,32,32,256,2,128,256,1,16,-1.0,invalid_config,-1.0,-1.0,-1.0,0
1536,4096,512,32,192,8,32,2,1,4,12.361,success,12.3243,0.0430674,0.000283548,20
1024,2048,2048,16,64,16,512,32,1,16,-1.0,invalid_config,-1.0,-1.0,-1.0,0
5120,384,1024,192,4,32,128,4,1,4,135.141,success,135.135,0.000429899,2.35413e-08,20
128,4096,256,256,128,2,4,8,1,1,7.07262,success,7.97972,2.36911,0.0372058,60
1536,64,256,64,192,8,512,8,1,32,-1.0,invalid_config,-1.0,-1.0,-1.0,0
256,2048,3072,32,256,8,32,16,1,64,18.2262,success,18.2275,0.000149291,4.49344e-07,20
128,8192,1024,16,96,16,64,256,1,1,-1.0,invalid_config,-1.0,-1.0,-1.0,0
1536,32,2048,8,128,16,256,256,1,2,-1.0,invalid_config,-1.0,-1.0,-1.0,0
1536,128,768,8,192,32,2,64,1,4,8.01579,success,8.26907,1.87918,0.0274825,60
128,1536,768,256,192,8,2,256,1,8,-1.0,launch_failure,-1.0,-1.0,-1.0,0
2048,3072,128,96,8,8,4,64,1,16,5.68094,success,6.32077,4.46516,0.111763,60
1024,768,4096,4,16,16,128,4,1,2,90.5097,success,90.6672,0.10112,1.23009e-05,20
32,384,1024,96,64,16,2,256,1,8,4.80662,success,4.80647,1.00735e-06,4.36044e-08,20
1536,64,2048,32,32,8,64,64,1,32,-1.0,invalid_config,-1.0,-1.0,-1.0,0
4096,512,64,96,16,4,4,8,1,16,1.22227,success,1.22214,1.57569e-06,1.05495e-06,20
128,1024,32,96,192,16,2,8,1,16,6.88736,success,7.02169,3.37479,0.0684485,60
8192,4096,256,16,64,2,32,4,1,4,35.3271,success,35.396,0.023579,1.88199e-05,20
384,4096,128,96,192,4,64,64,1,32,-1.0,invalid_config,-1.0,-1.0,-1.0,0
2048,8192,128,256,128,4,256,2,1,16,-1.0,launch_failure,-1.0,-1.0,-1.0,0
5120,14336,8192,32,64,4,64,8,1,2,2134.96,success,2142.36,2292.63,0.000499516,20
8192,3072,256,32,16,16,4,512,1,32,-1.0,invalid_config,-1.0,-1.0,-1.0,0
14336,5120,16,192,256,32,16,128,1,1,-1.0,compilation_failed,-1.0,-1.0,-1.0,0
32,768,3072,16,4,2,8,128,1,32,13.4542,success,13.4599,0.00033198,1.83242e-06,20
4096,16,768,96,8,8,256,2,1,16,4.83606,success,5.18824,0.643628,0.0239108,60
2048,1024,4096,16,192,2,512,2,1,64,82.7438,success,82.7475,0.000278864,4.0727e-08,20
768,64,8192,96,96,8,64,16,1,2,9.54338,success,9.53173,0.00247972,2.72935e-05,20
1024,256,16,128,4,32,4,2,1,1,0.569712,success,0.572877,8.30099e-05,0.000252934,20
768,64,8192,64,8,16,512,8,1,16,-1.0,invalid_config,-1.0,-1.0,-1.0,0
8192,3072,32,64,96,32,512,512,1,2,-1.0,invalid_config,-1.0,-1.0,-1.0,0
3072,16,128,8,96,2,512,32,1,32,-1.0,invalid_config,-1.0,-1.0,-1.0,0
16,5120,16,96,16,16,16,2,1,2,0.052544,success,0.05244,3.15891e-07,0.000114871,20
1024,512,256,4,16,4,4,16,1,8,2.17318,success,2.17318,1.52975e-06,3.23914e-07,20
3072,5120,3072,8,4,8,32,4,1,8,1199.87,success,1198.13,468.002,0.000326019,20
2048,4096,8192,128,256,16,64,32,1,4,-1.0,invalid_config,-1.0,-1.0,-1.0,0
8192,768,768,32,96,4,2,128,1,16,59.0419,success,59.1539,0.0867114,2.47804e-05,20
512,768,8192,192,8,4,64,256,1,16,-1.0,invalid_config,-1.0,-1.0,-1.0,0
5120,512,1536,128,192,64,8,2,1,64,-1.0,compilation_failed,-1.0,-1.0,-1.0,0
1024,256,3072,32,32,32,64,64,1,1,-1.0,invalid_config,-1.0,-1.0,-1.0,0
14336,2048,128,256,4,64,4,256,1,2,-1.0,compilation_failed,-1.0,-1.0,-1.0,0
4096,2048,128,192,16,4,128,64,1,1,-1.0,invalid_config,-1.0,-1.0,-1.0,0
3072,5120,16,32,256,4,32,32,1,4,3.18405,success,3.62424,0.544994,0.0414914,60
16,1024,384,128,192,8,32,64,1,1,-1.0,invalid_config,-1.0,-1.0,-1.0,0
2048,64,16,128,16,32,128,4,1,1,0.1784,success,0.178741,9.54296e-07,2.987e-05,20
4096,16,32,128,16,4,16,16,1,32,0.028704,success,0.0289056,2.9953e-07,0.00035849,20
32,384,4096,32,256,32,4,32,1,32,8.97446,success,9.84099,6.92247,0.0714799,60
256,512,64,16,4,16,512,512,1,32,-1.0,invalid_config,-1.0,-1.0,-1.0,0
384,1536,384,128,192,2,2,128,1,16,2.29278,success,2.29243,3.15107e-05,5.99607e-06,20
5120,8192,128,4,16,2,32,2,1,4,59.4481,success,59.5125,0.0590032,1.66594e-05,20
1536,128,768,96,16,64,128,256,1,32,-1.0,invalid_config,-1.0,-1.0,-1.0,0
16,32,16,32,96,32,32,16,1,8,0.020256,success,0.0200784,2.44068e-07,0.000605414,20
8192,8192,128,32,128,8,256,256,1,16,-1.0,invalid_config,-1.0,-1.0,-1.0,0
384,64,8192,8,64,2,16,512,1,1,-1.0,invalid_config,-1.0,-1.0,-1.0,0
2048,4096,384,96,64,64,16,2,1,2,22.4972,success,22.5057,0.000528069,1.04257e-06,20
5120,768,768,96,256,16,4,2,1,16,233.568,success,233.563,1.32354,2.42621e-05,20
5120,14336,16,192,16,8,2,128,1,4,14.5405,success,14.8229,1.96844,0.00895893,60
1024,384,32,96,16,64,256,512,1,32,-1.0,invalid_config,-1.0,-1.0,-1.0,0
5120,32,8192,192,4,2,64,64,1,4,-1.0,invalid_config,-1.0,-1.0,-1.0,0
4096,128,4096,256,128,64,8,16,1,1,-1.0,compilation_failed,-1.0,-1.0,-1.0,0
32,64,8192,128,128,4,32,256,1,64,-1.0,invalid_config,-1.0,-1.0,-1.0,0
14336,2048,4096,128,8,16,2,2,1,64,-1.0,timeout,-1.0,-1.0,-1.0,0
384,5120,512,192,96,4,32,2,1,32,45.1502,success,45.1603,0.00688449,3.37566e-06,20
16,1024,8192,32,256,8,128,2,1,64,7.86022,success,8.17085,1.06752,0.0159898,60
64,1024,256,32,32,4,16,2,1,2,0.528624,success,0.528739,1.95782e-07,7.00309e-07,20
14336,2048,128,16,4,16,256,512,1,64,-1.0,invalid_config,-1.0,-1.0,-1.0,0
14336,4096,128,256,8,32,128,4,1,4,245.891,success,245.923,0.00813536,1.34517e-07,20
2048,384,32,192,16,16,512,64,1,32,-1.0,invalid_config,-1.0,-1.0,-1.0,0
64,1024,1536,4,64,32,256,8,1,8,-1.0,invalid_config,-1.0,-1.0,-1.0,0
14336,32,32,8,96,2,4,32,1,4,0.659632,success,0.660267,1.39288e-06,3.19502e-06,20
1024,384,1024,16,256,64,4,8,1,64,-1.0,compilation_failed,-1.0,-1.0,-1.0,0
256,128,1024,128,4,16,4,64,1,64,0.951456,success,0.944395,0.000191515,0.000214732,20
1024,256,384,96,128,2,512,8,1,1,-1.0,invalid_config,-1.0,-1.0,-1.0,0
8192,512,768,8,32,32,16,16,1,8,18.4938,success,18.6424,0.15828,0.000455429,20
384,1536,4096,16,16,8,32,8,1,8,16.6508,success,16.6385,0.00955183,3.45032e-05,20
2048,4096,256,96,128,8,2,8,1,8,104.715,success,104.802,0.0731967,6.66423e-06,20
64,512,16,16,64,2,64,16,1,16,0.023232,success,0.0234144,2.93181e-07,0.000534774,20
1024,512,512,32,4,64,2,512,1,8,13.2535,success,13.2487,0.000800122,4.5584e-06,20
5120,2048,768,192,32,2,32,32,1,32,33.1473,success,33.2387,0.0205347,1.85867e-05,20
3072,128,512,96,4,4,8,512,1,1,-1.0,invalid_config,-1.0,-1.0,-1.0,0
2048,128,64,192,4,4,512,128,1,4,-1.0,invalid_config,-1.0,-1.0,-1.0,0
768,256,2048,4,8,8,256,16,1,4,-1.0,invalid_config,-1.0,-1.0,-1.0,0
128,128,1536,64,8,8,8,32,1,2,0.405024,success,0.404888,2.95512e-07,1.80263e-06,20
14336,768,384,64,4,8,32,256,1,16,-1.0,invalid_config,-1.0,-1.0,-1.0,0
64,5120,256,16,8,32,256,128,1,16,-1.0,invalid_config,-1.0,-1.0,-1.0,0
2048,2048,16,128,192,4,2,8,1,8,11.6412,success,12.0542,0.705716,0.00485686,60
256,5120,2048,16,96,64,16,256,1,4,-1.0,invalid_config,-1.0,-1.0,-1.0,0
32,8192,4096,192,4,64,4,2,1,8,-1.0,compilation_failed,-1.0,-1.0,-1.0,0
768,5120,512,64,256,64,128,64,1,16,-1.0,compilation_failed,-1.0,-1.0,-1.0,0
32,5120,2048,4,192,16,8,16,1,2,4.78187,success,5.31775,1.65282,0.0584481,60
512,64,3072,192,128,4,8,2,1,1,81.7229,success,81.7193,0.000218734,3.27542e-08,20
256,1024,3072,128,8,4,16,16,1,1,6.77454,success,7.46696,4.16124,0.0746338,60
16,64,256,128,8,8,4,4,1,2,0.296992,success,0.297357,4.29101e-07,4.85292e-06,20
128,512,16,192,256,16,64,2,1,8,0.389136,success,0.389088,3.71508e-07,2.45399e-06,20
512,32,2048,4,32,64,2,64,1,2,3.23994,success,3.24011,2.26217e-06,2.1548e-07,20
16,16,64,16,32,2,128,8,1,4,0.057728,success,0.0577584,1.81808e-07,5.44984e-05,20
384,14336,8192,128,4,16,256,64,1,64,-1.0,invalid_config,-1.0,-1.0,-1.0,0
4096,32,4096,32,128,16,16,4,1,2,14.4424,success,14.4514,0.000588993,2.82026e-06,20
8192,768,1536,96,16,64,16,8,1,2,37.1866,success,37.2467,0.0490089,3.53264e-05,20
3072,5120,256,192,8,2,512,256,1,16,-1.0,invalid_config,-1.0,-1.0,-1.0,0
4096,2048,32,192,32,32,32,8,1,32,0.990896,success,0.991029,1.12193e-06,1.14233e-06,20
1024,1536,32,256,128,2,16,2,1,32,2.43875,success,2.43915,0.000277524,4.6647e-05,20
768,16,128,256,8,16,512,32,1,16,-1.0,invalid_config,-1.0,-1.0,-1.0,0
1024,4096,384,128,32,8,512,256,1,4,-1.0,invalid_config,-1.0,-1.0,-1.0,0
32,4096,768,256,96,2,256,4,1,4,-1.0,launch_failure,-1.0,-1.0,-1.0,0
32,3072,32,8,4,8,2,32,1,4,0.079904,success,0.0802128,3.30167e-07,5.13152e-05,20
1024,32,512,8,192,8,4,32,1,8,2.74651,success,2.73535,0.000433515,5.79398e-05,20
512,2048,1536,32,256,64,32,16,1,16,-1.0,compilation_failed,-1.0,-1.0,-1.0,0
3072,1536,4096,192,128,2,256,2,1,16,91.0217,success,91.0925,0.0673766,8.11978e-06,20
768,1024,384,16,16,32,32,16,1,2,3.16619,success,3.16644,5.03264e-06,5.01942e-07,20
16,1024,64,8,4,64,128,32,1,32,-1.0,invalid_config,-1.0,-1.0,-1.0,0
8192,4096,512,4,32,64,128,64,1,8,-1.0,invalid_config,-1.0,-1.0,-1.0,0
256,3072,3072,32,192,16,8,4,1,2,20.7825,success,20.8243,0.0222946,5.14114e-05,20
8192,384,768,16,4,64,2,32,1,64,47.9897,success,48.0072,0.00219217,9.51178e-07,20
8192,32,64,8,64,2,2,512,1,64,-1.0,launch_failure,-1.0,-1.0,-1.0,0
3072,512,4096,128,64,32,16,256,1,8,-1.0,invalid_config,-1.0,-1.0,-1.0,0
64,768,32,4,256,64,8,128,1,16,-1.0,compilation_failed,-1.0,-1.0,-1.0,0
64,8192,256,192,128,8,4,128,1,16,5.43499,success,5.44297,0.00201203,6.79146e-05,20
8192,4096,64,256,192,32,16,64,1,4,-1.0,compilation_failed,-1.0,-1.0,-1.0,0
1024,3072,512,256,64,64,2,32,1,2,-1.0,compilation_failed,-1.0,-1.0,-1.0,0
2048,1024,3072,4,32,32,32,32,1,2,154.719,success,154.665,0.973108,4.06799e-05,20
5120,384,1024,128,256,8,4,4,1,2,102.185,success,102.171,0.0304476,2.91673e-06,20
512,32,1024,32,32,8,256,32,1,8,-1.0,invalid_config,-1.0,-1.0,-1.0,0
5120,768,16,16,8,4,8,16,1,64,0.642848,success,0.681117,0.00372168,0.00802223,60
3072,5120,8192,32,4,4,2,8,1,64,1906.07,success,1907.89,878.337,0.000241299,20
512,384,768,64,4,16,8,8,1,16,3.5512,success,3.5549,0.000248561,1.96688e-05,20
3072,16,8192,8,4,4,512,4,1,2,-1.0,invalid_config,-1.0,-1.0,-1.0,0
16,32,768,128,4,4,4,512,1,4,-1.0,invalid_config,-1.0,-1.0,-1.0,0
256,14336,768,192,128,2,32,512,1,32,-1.0,invalid_config,-1.0,-1.0,-1.0,0
384,256,16,96,8,4,32,8,1,8,0.042144,success,0.0420192,3.33507e-07,0.00018889,20
32,14336,1536,4,8,16,32,2,1,32,10.5301,success,10.5079,0.00805437,7.29454e-05,20
384,768,384,256,192,2,512,32,1,4,-1.0,invalid_config,-1.0,-1.0,-1.0,0
2048,128,768,96,16,8,512,256,1,32,-1.0,invalid_config,-1.0,-1.0,-1.0,0
14336,128,1024,192,128,4,8,64,1,16,10.6406,success,10.6239,0.00178803,1.58419e-05,20
1024,4096,16,128,192,8,128,2,1,1,0.516128,success,0.517443,2.2579e-05,8.43295e-05,20
3072,4096,3072,64,192,64,32,32,1,1,-1.0,compilation_failed,-1.0,-1.0,-1.0,0
32,1024,2048,256,128,16,64,256,1,32,-1.0,invalid_config,-1.0,-1.0,-1.0,0
5120,256,3072,32,128,2,512,128,1,32,-1.0,invalid_config,-1.0,-1.0,-1.0,0
64,8192,8192,32,16,64,256,128,1,2,-1.0,invalid_config,-1.0,-1.0,-1.0,0
2048,8192,64,96,192,4,512,2,1,2,-1.0,launch_failure,-1.0,-1.0,-1.0,0
14336,14336,4096,8,96,64,16,512,1,16,-1.0,invalid_config,-1.0,-1.0,-1.0,0
64,32,32,8,16,8,8,4,1,64,0.016736,success,0.0169472,3.11132e-07,0.0010833,20
256,14336,1024,8,128,8,4,8,1,16,27.486,success,27.4988,0.025361,3.35381e-05,20
512,768,256,4,8,4,512,128,1,2,-1.0,invalid_config,-1.0,-1.0,-1.0,0
1024,14336,64,64,4,64,8,64,1,16,11.1331,success,11.0689,0.0492957,0.000402345,20
32,3072,256,256,96,8,4,512,1,1,-1.0,invalid_config,-1.0,-1.0,-1.0,0
512,1536,8192,32,128,64,2,512,1,16,-1.0,launch_failure,-1.0,-1.0,-1.0,0
1024,256,256,256,256,32,128,4,1,32,-1.0,compilation_failed,-1.0,-1.0,-1.0,0
256,16,384,32,8,4,8,64,1,64,0.143584,success,0.143752,3.24287e-07,1.56929e-05,20
3072,1536,16,192,32,16,8,32,1,32,0.717312,success,0.717339,6.19534e-05,0.000120397,20
128,1536,128,4,96,2,8,32,1,32,1.17906,success,1.17893,7.33845e-07,5.2799e-07,20
384,1024,768,256,192,16,2,512,1,64,-1.0,launch_failure,-1.0,-1.0,-1.0,0
768,768,2048,96,32,32,2,64,1,16,22.0776,success,22.0756,0.00220821,4.53121e-06,20
384,16,512,128,192,4,512,128,1,32,-1.0,invalid_config,-1.0,-1.0,-1.0,0
14336,5120,384,4,192,4,256,8,1,4,-1.0,invalid_config,-1.0,-1.0,-1.0,0
128,16,2048,192,32,64,8,4,1,2,-1.0,compilation_failed,-1.0,-1.0,-1.0,0
4096,1536,1536,192,32,16,2,128,1,16,176.569,success,176.611,0.0237454,7.61279e-07,20
16,1536,1024,32,192,2,16,16,1,4,1.61587,success,1.61604,1.01077e-06,3.87033e-07,20
256,512,32,192,96,2,128,64,1,2,-1.0,invalid_config,-1.0,-1.0,-1.0,0
1536,256,64,4,96,2,16,8,1,64,0.264752,success,0.264694,1.48123e-06,2.11414e-05,20
5120,128,32,8,128,16,256,2,1,8,0.191872,success,0.191779,2.19639e-07,5.97182e-06,20
768,14336,4096,16,128,4,4,4,1,64,617.456,success,617.697,2.75244,7.21384e-06,20
8192,768,768,4,192,2,512,64,1,32,-1.0,invalid_config,-1.0,-1.0,-1.0,0
1536,256,128,192,96,16,4,16,1,1,3.09752,success,3.09747,4.38854e-05,4.57409e-06,20
4096,512,128,16,64,32,256,4,1,32,3.91371,success,3.90991,7.00819e-05,4.58428e-06,20
768,2048,384,16,32,32,64,2,1,32,3.78424,success,4.28391,1.18135,0.064372,60
256,14336,32,32,256,8,16,8,1,1,2.82442,success,2.78924,0.00283789,0.000364774,20
5120,384,8192,192,32,32,256,256,1,2,-1.0,invalid_config,-1.0,-1.0,-1.0,0
1536,4096,16,32,256,32,64,16,1,8,1.7255,success,1.72726,0.00030529,0.000102329,20
4096,14336,2048,4,64,8,16,8,1,32,1088.73,success,1084.68,390.68,0.000332063,20
3072,4096,768,16,8,8,128,32,1,4,-1.0,invalid_config,-1.0,-1.0,-1.0,0
64,8192,64,192,192,64,2,8,1,64,-1.0,compilation_failed,-1.0,-1.0,-1.0,0
32,1536,3072,128,4,32,256,64,1,32,-1.0,invalid_config,-1.0,-1.0,-1.0,0
2048,5120,512,16,256,2,256,16,1,8,-1.0,invalid_config,-1.0,-1.0,-1.0,0
3072,512,384,96,192,2,128,4,1,16,-1.0,launch_failure,-1.0,-1.0,-1.0,0
32,8192,256,128,4,16,16,64,1,1,3.98776,success,4.28903,0.493151,0.0268079,60
5120,8192,1024,16,16,16,4,512,1,2,-1.0,invalid_config,-1.0,-1.0,-1.0,0
1536,2048,8192,96,8,64,16,2,1,32,419.561,success,419.789,0.263172,1.4934e-06,20
256,1024,4096,64,8,32,64,32,1,1,-1.0,invalid_config,-1.0,-1.0,-1.0,0
4096,1024,2048,32,256,8,2,2,1,4,1709.05,success,1707.66,21.4875,7.36859e-06,20
64,1536,16,256,192,64,128,32,1,4,-1.0,compilation_failed,-1.0,-1.0,-1.0,0
16,2048,128,64,192,2,16,16,1,1,0.315936,success,0.316136,5.08204e-07,5.08499e-06,20
32,16,2048,8,8,2,64,4,1,16,1.20221,success,1.20231,3.42122e-07,2.36674e-07,20
14336,768,3072,16,4,16,64,4,1,16,1216.56,success,1213.28,36.0994,2.45234e-05,20
256,512,32,32,16,64,64,8,1,1,0.149504,success,0.149322,1.52893e-07,6.85715e-06,20
384,768,384,256,128,4,4,64,1,2,5.30024,success,5.30071,4.51319e-05,1.60626e-06,20
4096,14336,1024,192,128,64,4,32,1,32,-1.0,compilation_failed,-1.0,-1.0,-1.0,0
1024,8192,32,64,96,4,16,4,1,32,1.77683,success,1.78167,0.000282115,8.88734e-05,20
4096,64,384,8,16,32,16,64,1,1,2.71654,success,3.00702,0.188007,0.0207922,60
2048,384,1536,4,16,4,2,2,1,64,29.3122,success,29.3191,0.0429518,4.99667e-05,20
384,5120,3072,32,4,4,64,16,1,2,418.38,success,418.407,0.111612,6.37549e-07,20
512,16,3072,4,256,8,32,128,1,64,-1.0,invalid_config,-1.0,-1.0,-1.0,0
16,64,512,4,128,64,128,32,1,64,-1.0,invalid_config,-1.0,-1.0,-1.0,0
768,384,512,4,192,4,64,512,1,16,-1.0,invalid_config,-1.0,-1.0,-1.0,0
256,3072,4096,96,256,16,32,16,1,64,36.1936,success,36.197,0.000132274,1.00956e-07,20
16,14336,3072,4,256,16,128,256,1,32,-1.0,invalid_config,-1.0,-1.0,-1.0,0
512,64,64,128,4,64,512,128,1,64,-1.0,invalid_config,-1.0,-1.0,-1.0,0
